Sex,Height,Weight
F,167.83973997447237,60.021251741025296
M,178.85846329588276,75.74367710468651
